multi_class_clf,precision,recall,f1_score,accuracy
one vs one,0.7759422235912726,0.7709123836384545,0.7707874442544629,0.7705977382875606
one vs all,0.6106424372204399,0.6274436166997887,0.6050184263166563,0.6348949919224556
