num_loops,time_in_secs
2,23.239544
1,15.115943
0,10.580566
